component_id,canonical_name,aliases,property,value,unit,source_status,source_reference_name,property_source_identity,citation_text,url,doi,edition_or_version,notes,original_unit,conversion
methane,Methane,CH4|C1,critical_temperature,190.564,K,verified,"Yang & Richter (2025), Journal of Chemical & Engineering Data",Yang & Richter (2025) Table 5; Methane; CAS RN 74-82-8; critical temperature; originally taken from REFPROP,"X. Yang and M. Richter, Effective Thermophysical Constants of Thousands of Fluids. I: Critical Temperature, Critical Pressure, Critical Density, and Acentric Factor, J. Chem. Eng. Data 2025 70 (8) 2911-2946",,10.1021/acs.jced.5c00110,2025; 70(8); 2911-2946,Primary article Table 5 independently inspected; the article states Table S3 is the same table with complete names; no direct REFPROP query was made.,,
methane,Methane,CH4|C1,critical_pressure,4599200.0,Pa,verified,"Yang & Richter (2025), Journal of Chemical & Engineering Data",Yang & Richter (2025) Table 5; Methane; CAS RN 74-82-8; critical pressure; originally taken from REFPROP,"X. Yang and M. Richter, Effective Thermophysical Constants of Thousands of Fluids. I: Critical Temperature, Critical Pressure, Critical Density, and Acentric Factor, J. Chem. Eng. Data 2025 70 (8) 2911-2946",,10.1021/acs.jced.5c00110,2025; 70(8); 2911-2946,Primary article Table 5 source value 4599.20 kPa; the article identifies REFPROP as the original source; no direct REFPROP query was made.,kPa,1 kPa = 1000 Pa
methane,Methane,CH4|C1,acentric_factor,0.011420,1,verified,"Yang & Richter (2025), Journal of Chemical & Engineering Data",Yang & Richter (2025) Table 5; Methane; CAS RN 74-82-8; acentric factor; originally taken from REFPROP,"X. Yang and M. Richter, Effective Thermophysical Constants of Thousands of Fluids. I: Critical Temperature, Critical Pressure, Critical Density, and Acentric Factor, J. Chem. Eng. Data 2025 70 (8) 2911-2946",,10.1021/acs.jced.5c00110,2025; 70(8); 2911-2946,Primary article Table 5 independently inspected; the article states Table S3 is the same table with complete names; no direct REFPROP query was made.,,
ethane,Ethane,C2H6|C2,critical_temperature,305.322,K,verified,"Yang & Richter (2025), Journal of Chemical & Engineering Data",Yang & Richter (2025) Table 5; Ethane; CAS RN 74-84-0; critical temperature; originally taken from REFPROP,"X. Yang and M. Richter, Effective Thermophysical Constants of Thousands of Fluids. I: Critical Temperature, Critical Pressure, Critical Density, and Acentric Factor, J. Chem. Eng. Data 2025 70 (8) 2911-2946",,10.1021/acs.jced.5c00110,2025; 70(8); 2911-2946,Primary article Table 5 independently inspected; the article states Table S3 is the same table with complete names; no direct REFPROP query was made.,,
ethane,Ethane,C2H6|C2,critical_pressure,4872200.0,Pa,verified,"Yang & Richter (2025), Journal of Chemical & Engineering Data",Yang & Richter (2025) Table 5; Ethane; CAS RN 74-84-0; critical pressure; originally taken from REFPROP,"X. Yang and M. Richter, Effective Thermophysical Constants of Thousands of Fluids. I: Critical Temperature, Critical Pressure, Critical Density, and Acentric Factor, J. Chem. Eng. Data 2025 70 (8) 2911-2946",,10.1021/acs.jced.5c00110,2025; 70(8); 2911-2946,Primary article Table 5 source value 4872.20 kPa; the article identifies REFPROP as the original source; no direct REFPROP query was made.,kPa,1 kPa = 1000 Pa
ethane,Ethane,C2H6|C2,acentric_factor,0.099500,1,verified,"Yang & Richter (2025), Journal of Chemical & Engineering Data",Yang & Richter (2025) Table 5; Ethane; CAS RN 74-84-0; acentric factor; originally taken from REFPROP,"X. Yang and M. Richter, Effective Thermophysical Constants of Thousands of Fluids. I: Critical Temperature, Critical Pressure, Critical Density, and Acentric Factor, J. Chem. Eng. Data 2025 70 (8) 2911-2946",,10.1021/acs.jced.5c00110,2025; 70(8); 2911-2946,Primary article Table 5 independently inspected; the article states Table S3 is the same table with complete names; no direct REFPROP query was made.,,
propane,Propane,C3H8|C3,critical_temperature,369.890,K,verified,"Yang & Richter (2025), Journal of Chemical & Engineering Data",Yang & Richter (2025) Table 5; Propane; CAS RN 74-98-6; critical temperature; originally taken from REFPROP,"X. Yang and M. Richter, Effective Thermophysical Constants of Thousands of Fluids. I: Critical Temperature, Critical Pressure, Critical Density, and Acentric Factor, J. Chem. Eng. Data 2025 70 (8) 2911-2946",,10.1021/acs.jced.5c00110,2025; 70(8); 2911-2946,Primary article Table 5 independently inspected; the article states Table S3 is the same table with complete names; no direct REFPROP query was made.,,
propane,Propane,C3H8|C3,critical_pressure,4251200.0,Pa,verified,"Yang & Richter (2025), Journal of Chemical & Engineering Data",Yang & Richter (2025) Table 5; Propane; CAS RN 74-98-6; critical pressure; originally taken from REFPROP,"X. Yang and M. Richter, Effective Thermophysical Constants of Thousands of Fluids. I: Critical Temperature, Critical Pressure, Critical Density, and Acentric Factor, J. Chem. Eng. Data 2025 70 (8) 2911-2946",,10.1021/acs.jced.5c00110,2025; 70(8); 2911-2946,Primary article Table 5 source value 4251.20 kPa; the article identifies REFPROP as the original source; no direct REFPROP query was made.,kPa,1 kPa = 1000 Pa
propane,Propane,C3H8|C3,acentric_factor,0.152100,1,verified,"Yang & Richter (2025), Journal of Chemical & Engineering Data",Yang & Richter (2025) Table 5; Propane; CAS RN 74-98-6; acentric factor; originally taken from REFPROP,"X. Yang and M. Richter, Effective Thermophysical Constants of Thousands of Fluids. I: Critical Temperature, Critical Pressure, Critical Density, and Acentric Factor, J. Chem. Eng. Data 2025 70 (8) 2911-2946",,10.1021/acs.jced.5c00110,2025; 70(8); 2911-2946,Primary article Table 5 independently inspected; the article states Table S3 is the same table with complete names; no direct REFPROP query was made.,,
