source_point_id,source_pair_key,system_id,component_1_id,component_2_id,temperature_k,temperature_unit,pressure_kpa,pressure_original_unit,pressure_pa,pressure_canonical_unit,liquid_methane_mole_fraction,liquid_heavy_mole_fraction,vapor_methane_mole_fraction,vapor_heavy_mole_fraction,composition_unit,pressure_expanded_uncertainty_kpa,pressure_expanded_uncertainty_pa,vapor_heavy_expanded_uncertainty,uncertainty_confidence_level_percent,pressure_dataset_number,pressure_source_row,vapor_dataset_number,vapor_source_row
may2015_ch4_c2_001,T=203.22 K|x_CH4=0.3653,ch4_c2,methane,ethane,203.22,K,2124.0,kPa,2124000.0,Pa,0.3653,0.6347,0.8667,0.1333,1,137.0,137000.0,0.025,95.0,1,2,2,2
may2015_ch4_c2_002,T=213.39 K|x_CH4=0.3464,ch4_c2,methane,ethane,213.39,K,2517.0,kPa,2517000.0,Pa,0.3464,0.6536,0.8289,0.1711,1,157.0,157000.0,0.0182,95.0,1,3,2,3
may2015_ch4_c2_003,T=223.5 K|x_CH4=0.3315,ch4_c2,methane,ethane,223.5,K,2945.0,kPa,2945000.0,Pa,0.3315,0.6685,0.7805,0.2195,1,81.0,81000.0,0.0053,95.0,1,4,2,4
may2015_ch4_c2_004,T=233.56 K|x_CH4=0.3188,ch4_c2,methane,ethane,233.56,K,3417.0,kPa,3417000.0,Pa,0.3188,0.6812,0.7244999999999999,0.2755,1,74.0,74000.0,0.0051,95.0,1,5,2,5
may2015_ch4_c2_005,T=243.58 K|x_CH4=0.3099,ch4_c2,methane,ethane,243.58,K,3949.0,kPa,3949000.0,Pa,0.3099,0.6900999999999999,0.6664,0.3336,1,52.0,52000.0,0.0074,95.0,1,1,2,1
may2015_ch4_c2_006,T=243.6 K|x_CH4=0.2812,ch4_c2,methane,ethane,243.6,K,3675.0,kPa,3675000.0,Pa,0.2812,0.7188,0.651,0.349,1,68.0,68000.0,0.012,95.0,1,17,2,17
may2015_ch4_c2_007,T=243.6 K|x_CH4=0.3082,ch4_c2,methane,ethane,243.6,K,3942.0,kPa,3942000.0,Pa,0.3082,0.6918,0.6659999999999999,0.334,1,52.0,52000.0,0.0062,95.0,1,6,2,6
may2015_ch4_c2_008,T=243.6 K|x_CH4=0.3973,ch4_c2,methane,ethane,243.6,K,4831.0,kPa,4831000.0,Pa,0.3973,0.6027,0.7046,0.2954,1,77.0,77000.0,0.0059,95.0,1,7,2,7
may2015_ch4_c2_009,T=243.6 K|x_CH4=0.4255,ch4_c2,methane,ethane,243.6,K,5094.0,kPa,5094000.0,Pa,0.4255,0.5745,0.7143999999999999,0.2856,1,78.0,78000.0,0.0058,95.0,1,15,2,15
may2015_ch4_c2_010,T=243.6 K|x_CH4=0.4553,ch4_c2,methane,ethane,243.6,K,5395.0,kPa,5395000.0,Pa,0.4553,0.5447,0.7212000000000001,0.2788,1,76.0,76000.0,0.0078,95.0,1,8,2,8
may2015_ch4_c2_011,T=243.6 K|x_CH4=0.4741,ch4_c2,methane,ethane,243.6,K,5564.0,kPa,5564000.0,Pa,0.4741,0.5259,0.7255,0.2745,1,80.0,80000.0,0.0036,95.0,1,14,2,14
may2015_ch4_c2_012,T=243.6 K|x_CH4=0.5754,ch4_c2,methane,ethane,243.6,K,6487.0,kPa,6487000.0,Pa,0.5754,0.4246,0.7199,0.2801,1,1373.0,1373000.0,0.1443,95.0,1,13,2,13
may2015_ch4_c2_013,T=243.6 K|x_CH4=0.6218,ch4_c2,methane,ethane,243.6,K,6885.0,kPa,6885000.0,Pa,0.6218,0.3782,0.7122999999999999,0.2877,1,1349.0,1349000.0,0.2658,95.0,1,12,2,12
may2015_ch4_c2_014,T=243.61 K|x_CH4=0.2865,ch4_c2,methane,ethane,243.61,K,3718.0,kPa,3718000.0,Pa,0.2865,0.7135,0.6578999999999999,0.3421,1,60.0,60000.0,0.0083,95.0,1,16,2,16
may2015_ch4_c2_015,T=243.61 K|x_CH4=0.5273,ch4_c2,methane,ethane,243.61,K,6080.0,kPa,6080000.0,Pa,0.5273,0.4727,0.7222,0.2778,1,111.0,111000.0,0.0518,95.0,1,9,2,9
may2015_ch4_c2_016,T=243.61 K|x_CH4=0.5673,ch4_c2,methane,ethane,243.61,K,6469.0,kPa,6469000.0,Pa,0.5673,0.4327,0.7269,0.2731,1,1683.0,1683000.0,0.2442,95.0,1,10,2,10
may2015_ch4_c2_017,T=243.61 K|x_CH4=0.5957,ch4_c2,methane,ethane,243.61,K,6691.0,kPa,6691000.0,Pa,0.5957,0.4043,0.7188,0.2812,1,1187.0,1187000.0,0.1992,95.0,1,11,2,11
may2015_ch4_c3_001,T=203.4 K|x_CH4=0.5952,ch4_c3,methane,propane,203.4,K,3576.0,kPa,3576000.0,Pa,0.5952,0.40480000000000005,0.9838,0.0162,1,44.0,44000.0,0.0049,95.0,3,14,4,14
may2015_ch4_c3_002,T=213.38 K|x_CH4=0.5614,ch4_c3,methane,propane,213.38,K,4108.0,kPa,4108000.0,Pa,0.5614,0.4386,0.9755,0.0245,1,50.0,50000.0,0.004,95.0,3,13,4,13
may2015_ch4_c3_003,T=223.36 K|x_CH4=0.5331,ch4_c3,methane,propane,223.36,K,4628.0,kPa,4628000.0,Pa,0.5331,0.4669,0.9634,0.0366,1,55.0,55000.0,0.0041,95.0,3,12,4,12
may2015_ch4_c3_004,T=223.54 K|x_CH4=0.5333,ch4_c3,methane,propane,223.54,K,4622.0,kPa,4622000.0,Pa,0.5333,0.4667,0.9632000000000001,0.0368,1,50.0,50000.0,0.004,95.0,3,11,4,11
may2015_ch4_c3_005,T=233.61 K|x_CH4=0.5037,ch4_c3,methane,propane,233.61,K,5077.0,kPa,5077000.0,Pa,0.5037,0.49629999999999996,0.948,0.052,1,62.0,62000.0,0.0041,95.0,3,10,4,10
may2015_ch4_c3_006,T=233.67 K|x_CH4=0.5077,ch4_c3,methane,propane,233.67,K,5119.0,kPa,5119000.0,Pa,0.5077,0.49229999999999996,0.9482,0.0518,1,52.0,52000.0,0.0041,95.0,3,9,4,9
may2015_ch4_c3_007,T=243.61 K|x_CH4=0.4764,ch4_c3,methane,propane,243.61,K,5544.0,kPa,5544000.0,Pa,0.4764,0.5236000000000001,0.9266,0.0734,1,72.0,72000.0,0.0056,95.0,3,18,4,18
may2015_ch4_c3_008,T=243.61 K|x_CH4=0.4857,ch4_c3,methane,propane,243.61,K,5611.0,kPa,5611000.0,Pa,0.4857,0.5143,0.9285,0.0715,1,58.0,58000.0,0.0041,95.0,3,6,4,6
may2015_ch4_c3_009,T=243.62 K|x_CH4=0.071,ch4_c3,methane,propane,243.62,K,891.0,kPa,891000.0,Pa,0.071,0.929,0.7924,0.2076,1,4166.0,4166000.0,0.2076,95.0,3,15,4,15
may2015_ch4_c3_010,T=243.62 K|x_CH4=0.3442,ch4_c3,methane,propane,243.62,K,3909.0,kPa,3909000.0,Pa,0.3442,0.6557999999999999,0.9257,0.0743,1,46.0,46000.0,0.0042,95.0,3,16,4,16
may2015_ch4_c3_011,T=243.62 K|x_CH4=0.4832,ch4_c3,methane,propane,243.62,K,5544.0,kPa,5544000.0,Pa,0.4832,0.5167999999999999,0.9285,0.0715,1,65.0,65000.0,0.0041,95.0,3,8,4,8
may2015_ch4_c3_012,T=243.62 K|x_CH4=0.5565,ch4_c3,methane,propane,243.62,K,6402.0,kPa,6402000.0,Pa,0.5565,0.4435,0.9274,0.0726,1,51.0,51000.0,0.0041,95.0,3,19,4,19
may2015_ch4_c3_013,T=243.62 K|x_CH4=0.6572,ch4_c3,methane,propane,243.62,K,7530.0,kPa,7530000.0,Pa,0.6572,0.3428,0.9221,0.0779,1,56.0,56000.0,0.0041,95.0,3,21,4,21
may2015_ch4_c3_014,T=243.62 K|x_CH4=0.6961,ch4_c3,methane,propane,243.62,K,7943.0,kPa,7943000.0,Pa,0.6961,0.30389999999999995,0.9145,0.0855,1,58.0,58000.0,0.0041,95.0,3,22,4,22
may2015_ch4_c3_015,T=243.62 K|x_CH4=0.7381,ch4_c3,methane,propane,243.62,K,8320.0,kPa,8320000.0,Pa,0.7381,0.2619,0.907,0.093,1,60.0,60000.0,0.0041,95.0,3,23,4,23
may2015_ch4_c3_016,T=243.63 K|x_CH4=0.4788,ch4_c3,methane,propane,243.63,K,5500.0,kPa,5500000.0,Pa,0.4788,0.5212,0.9296,0.0704,1,46.0,46000.0,0.0041,95.0,3,17,4,17
may2015_ch4_c3_017,T=243.63 K|x_CH4=0.6082,ch4_c3,methane,propane,243.63,K,6989.0,kPa,6989000.0,Pa,0.6082,0.39180000000000004,0.9232,0.0768,1,61.0,61000.0,0.0041,95.0,3,20,4,20
may2015_ch4_c3_018,T=243.64 K|x_CH4=0.4907,ch4_c3,methane,propane,243.64,K,5635.0,kPa,5635000.0,Pa,0.4907,0.5093,0.9281,0.0719,1,48.0,48000.0,0.0041,95.0,3,7,4,7
may2015_ch4_c3_019,T=253.59 K|x_CH4=0.4708,ch4_c3,methane,propane,253.59,K,6100.0,kPa,6100000.0,Pa,0.4708,0.5292,0.9053,0.0947,1,53.0,53000.0,0.0041,95.0,3,5,4,5
may2015_ch4_c3_020,T=263.51 K|x_CH4=0.4623,ch4_c3,methane,propane,263.51,K,6597.0,kPa,6597000.0,Pa,0.4623,0.5377000000000001,0.8803,0.1197,1,48.0,48000.0,0.0055,95.0,3,3,4,3
may2015_ch4_c3_021,T=263.56 K|x_CH4=0.4601,ch4_c3,methane,propane,263.56,K,6560.0,kPa,6560000.0,Pa,0.4601,0.5399,0.8826,0.1174,1,51.0,51000.0,0.0076,95.0,3,4,4,4
may2015_ch4_c3_022,T=273.48 K|x_CH4=0.4589,ch4_c3,methane,propane,273.48,K,7102.0,kPa,7102000.0,Pa,0.4589,0.5411,0.8386,0.1614,1,53.0,53000.0,0.0045,95.0,3,2,4,2
may2015_ch4_c3_023,T=283.38 K|x_CH4=0.4586,ch4_c3,methane,propane,283.38,K,7630.0,kPa,7630000.0,Pa,0.4586,0.5414,0.7955,0.2045,1,54.0,54000.0,0.0046,95.0,3,1,4,1
