case_id,physical_field_change_count,physical_fields,path_field_change_count,path_fields,status_change,termination_change
bubble_ch4_c2_20_80_180k,6,incipient_composition|saturation_pressure_pa|k_values|log_k_values|selected_parent_root|selected_incipient_root,0,,false,false
bubble_ch4_c2_20_80_250k,6,incipient_composition|saturation_pressure_pa|k_values|log_k_values|selected_parent_root|selected_incipient_root,0,,false,false
bubble_ch4_c2_50_50_180k,6,incipient_composition|saturation_pressure_pa|k_values|log_k_values|selected_parent_root|selected_incipient_root,1,inner_iterations,false,false
bubble_ch4_c2_80_20_180k,6,incipient_composition|saturation_pressure_pa|k_values|log_k_values|selected_parent_root|selected_incipient_root,2,inner_iterations|outer_iterations,false,false
bubble_ch4_c2_branch_lost,7,incipient_composition|saturation_pressure_pa|k_values|log_k_values|selected_parent_root|selected_incipient_root|branch_points,1,rejected_attempts,false,false
bubble_ch4_c2_c3_40_40_20_180k,6,incipient_composition|saturation_pressure_pa|k_values|log_k_values|selected_parent_root|selected_incipient_root,1,inner_iterations,false,false
bubble_ch4_c2_c3_40_40_20_250k,6,incipient_composition|saturation_pressure_pa|k_values|log_k_values|selected_parent_root|selected_incipient_root,0,,false,false
bubble_ch4_c2_c3_60_30_10_180k,6,incipient_composition|saturation_pressure_pa|k_values|log_k_values|selected_parent_root|selected_incipient_root,0,,false,false
bubble_ch4_c2_c3_80_10_10_180k,6,incipient_composition|saturation_pressure_pa|k_values|log_k_values|selected_parent_root|selected_incipient_root,1,inner_iterations,false,false
bubble_ch4_c2_corrector_failed,7,incipient_composition|saturation_pressure_pa|k_values|log_k_values|selected_parent_root|selected_incipient_root|branch_points,1,rejected_attempts,false,false
bubble_ch4_c2_forward_200_220,7,incipient_composition|saturation_pressure_pa|k_values|log_k_values|selected_parent_root|selected_incipient_root|branch_points,1,rejected_attempts,false,false
bubble_ch4_c2_maximum_points,7,incipient_composition|saturation_pressure_pa|k_values|log_k_values|selected_parent_root|selected_incipient_root|branch_points,1,rejected_attempts,false,false
bubble_ch4_c2_minimum_step_reached,7,incipient_composition|saturation_pressure_pa|k_values|log_k_values|selected_parent_root|selected_incipient_root|branch_points,1,rejected_attempts,false,false
bubble_ch4_c2_pressure_out_of_bounds,7,incipient_composition|saturation_pressure_pa|k_values|log_k_values|selected_parent_root|selected_incipient_root|branch_points,3,inner_iterations|outer_iterations|rejected_attempts,false,false
bubble_ch4_c2_reverse_210_200,7,incipient_composition|saturation_pressure_pa|k_values|log_k_values|selected_parent_root|selected_incipient_root|branch_points,1,rejected_attempts,false,false
bubble_ch4_c3_20_80_180k,6,incipient_composition|saturation_pressure_pa|k_values|log_k_values|selected_parent_root|selected_incipient_root,0,,false,false
bubble_ch4_c3_20_80_250k,6,incipient_composition|saturation_pressure_pa|k_values|log_k_values|selected_parent_root|selected_incipient_root,0,,false,false
bubble_ch4_c3_50_50_180k,6,incipient_composition|saturation_pressure_pa|k_values|log_k_values|selected_parent_root|selected_incipient_root,0,,false,false
bubble_ch4_c3_50_50_250k,6,incipient_composition|saturation_pressure_pa|k_values|log_k_values|selected_parent_root|selected_incipient_root,1,inner_iterations,false,false
bubble_ch4_c3_60_40_180k,6,incipient_composition|saturation_pressure_pa|k_values|log_k_values|selected_parent_root|selected_incipient_root,1,inner_iterations,false,false
bubble_ch4_c3_60_40_250k,7,incipient_composition|saturation_pressure_pa|k_values|log_k_values|selected_parent_root|selected_incipient_root|fugacity_residual,1,inner_iterations,false,false
bubble_ch4_c3_80_20_180k,6,incipient_composition|saturation_pressure_pa|k_values|log_k_values|selected_parent_root|selected_incipient_root,1,inner_iterations,false,false
bubble_ch4_c3_80_20_250k,0,,1,inner_iterations,false,false
bubble_ch4_c3_forward_230_250,8,incipient_composition|saturation_pressure_pa|k_values|log_k_values|selected_parent_root|selected_incipient_root|fugacity_residual|branch_points,0,,false,false
bubble_pure_methane_forward_150_170,4,saturation_pressure_pa|selected_parent_root|selected_incipient_root|branch_points,1,rejected_attempts,false,false
bubble_pure_methane_near_critical,4,saturation_pressure_pa|selected_parent_root|selected_incipient_root|branch_points,1,rejected_attempts,false,false
bubble_ternary_forward_200_220,7,incipient_composition|saturation_pressure_pa|k_values|log_k_values|selected_parent_root|selected_incipient_root|branch_points,1,rejected_attempts,false,false
continuation_only_ch4_c2_bubble_240_250,7,incipient_composition|saturation_pressure_pa|k_values|log_k_values|selected_parent_root|selected_incipient_root|branch_points,0,,false,false
continuation_only_ternary_bubble_220_230,7,incipient_composition|saturation_pressure_pa|k_values|log_k_values|selected_parent_root|selected_incipient_root|branch_points,3,inner_iterations|outer_iterations|rejected_attempts,false,false
dew_ch4_c2_20_80_180k,6,incipient_composition|saturation_pressure_pa|k_values|log_k_values|selected_parent_root|selected_incipient_root,0,,false,false
dew_ch4_c2_20_80_250k,6,incipient_composition|saturation_pressure_pa|k_values|log_k_values|selected_parent_root|selected_incipient_root,1,inner_iterations,false,false
dew_ch4_c2_50_50_180k,6,incipient_composition|saturation_pressure_pa|k_values|log_k_values|selected_parent_root|selected_incipient_root,0,,false,false
dew_ch4_c2_50_50_250k,6,incipient_composition|saturation_pressure_pa|k_values|log_k_values|selected_parent_root|selected_incipient_root,2,inner_iterations|outer_iterations,false,false
dew_ch4_c2_80_20_180k,6,incipient_composition|saturation_pressure_pa|k_values|log_k_values|selected_parent_root|selected_incipient_root,0,,false,false
dew_ch4_c2_80_20_250k,0,,1,inner_iterations,false,false
dew_ch4_c2_c3_40_40_20_180k,7,incipient_composition|saturation_pressure_pa|k_values|log_k_values|selected_parent_root|selected_incipient_root|fugacity_residual,2,inner_iterations|outer_iterations,false,false
dew_ch4_c2_c3_40_40_20_250k,6,incipient_composition|saturation_pressure_pa|k_values|log_k_values|selected_parent_root|selected_incipient_root,1,inner_iterations,false,false
dew_ch4_c2_c3_60_30_10_180k,6,incipient_composition|saturation_pressure_pa|k_values|log_k_values|selected_parent_root|selected_incipient_root,0,,false,false
dew_ch4_c2_c3_60_30_10_250k,6,incipient_composition|saturation_pressure_pa|k_values|log_k_values|selected_parent_root|selected_incipient_root,1,inner_iterations,false,false
dew_ch4_c2_c3_80_10_10_180k,6,incipient_composition|saturation_pressure_pa|k_values|log_k_values|selected_parent_root|selected_incipient_root,0,,false,false
dew_ch4_c2_c3_80_10_10_250k,6,incipient_composition|saturation_pressure_pa|k_values|log_k_values|selected_parent_root|selected_incipient_root,0,,false,false
dew_ch4_c2_forward_200_220,7,incipient_composition|saturation_pressure_pa|k_values|log_k_values|selected_parent_root|selected_incipient_root|branch_points,1,rejected_attempts,false,false
dew_ch4_c3_20_80_180k,7,incipient_composition|saturation_pressure_pa|k_values|log_k_values|selected_parent_root|selected_incipient_root|objective_residual,2,inner_iterations|outer_iterations,false,false
dew_ch4_c3_20_80_250k,6,incipient_composition|saturation_pressure_pa|k_values|log_k_values|selected_parent_root|selected_incipient_root,0,,false,false
dew_ch4_c3_50_50_180k,6,incipient_composition|saturation_pressure_pa|k_values|log_k_values|selected_parent_root|selected_incipient_root,2,inner_iterations|outer_iterations,false,false
dew_ch4_c3_50_50_250k,6,incipient_composition|saturation_pressure_pa|k_values|log_k_values|selected_parent_root|selected_incipient_root,1,inner_iterations,false,false
dew_ch4_c3_60_40_180k,6,incipient_composition|saturation_pressure_pa|k_values|log_k_values|selected_parent_root|selected_incipient_root,2,inner_iterations|outer_iterations,false,false
dew_ch4_c3_60_40_250k,6,incipient_composition|saturation_pressure_pa|k_values|log_k_values|selected_parent_root|selected_incipient_root,1,inner_iterations,false,false
dew_ch4_c3_60_40_250k_physical_branch,6,incipient_composition|saturation_pressure_pa|k_values|log_k_values|selected_parent_root|selected_incipient_root,1,inner_iterations,false,false
dew_ch4_c3_80_20_180k,6,incipient_composition|saturation_pressure_pa|k_values|log_k_values|selected_parent_root|selected_incipient_root,2,inner_iterations|outer_iterations,false,false
dew_ch4_c3_80_20_250k,6,incipient_composition|saturation_pressure_pa|k_values|log_k_values|selected_parent_root|selected_incipient_root,0,,false,false
dew_ch4_c3_forward_230_250,7,incipient_composition|saturation_pressure_pa|k_values|log_k_values|selected_parent_root|selected_incipient_root|branch_points,1,rejected_attempts,false,false
dew_pure_methane_reverse_170_150,4,saturation_pressure_pa|selected_parent_root|selected_incipient_root|branch_points,1,rejected_attempts,false,false
dew_ternary_forward_200_220,7,incipient_composition|saturation_pressure_pa|k_values|log_k_values|selected_parent_root|selected_incipient_root|branch_points,1,rejected_attempts,false,false
flash_ch4_c2_20_80_180k_0p5mpa,8,beta|liquid_composition|vapor_composition|k_values|log_k_values|liquid_root|vapor_root|fugacity_residual,0,,false,false
flash_ch4_c2_20_80_180k_5mpa,3,k_values|log_k_values|selected_parent_root,0,,false,false
flash_ch4_c2_20_80_250k_0p5mpa,3,k_values|log_k_values|selected_parent_root,0,,false,false
flash_ch4_c2_20_80_250k_5mpa,3,k_values|log_k_values|selected_parent_root,0,,false,false
flash_ch4_c2_20_80_reversed_250k_2mpa,8,beta|liquid_composition|vapor_composition|k_values|log_k_values|liquid_root|vapor_root|fugacity_residual,0,,false,false
flash_ch4_c2_50_50_180k_0p5mpa,8,beta|liquid_composition|vapor_composition|k_values|log_k_values|liquid_root|vapor_root|fugacity_residual,0,,false,false
flash_ch4_c2_50_50_180k_5mpa,3,k_values|log_k_values|selected_parent_root,0,,false,false
flash_ch4_c2_50_50_250k_0p5mpa,3,k_values|log_k_values|selected_parent_root,0,,false,false
flash_ch4_c2_50_50_250k_5mpa,8,beta|liquid_composition|vapor_composition|k_values|log_k_values|liquid_root|vapor_root|fugacity_residual,0,,false,false
flash_ch4_c2_50_50_reversed_250k_2mpa,3,k_values|log_k_values|selected_parent_root,0,,false,false
flash_ch4_c2_80_20_180k_0p5mpa,8,beta|liquid_composition|vapor_composition|k_values|log_k_values|liquid_root|vapor_root|fugacity_residual,0,,false,false
flash_ch4_c2_80_20_180k_5mpa,3,k_values|log_k_values|selected_parent_root,0,,false,false
flash_ch4_c2_80_20_250k_0p5mpa,3,k_values|log_k_values|selected_parent_root,0,,false,false
flash_ch4_c2_80_20_250k_5mpa,3,k_values|log_k_values|selected_parent_root,0,,false,false
flash_ch4_c2_c3_40_40_20_180k_0p5mpa,7,beta|liquid_composition|vapor_composition|k_values|log_k_values|liquid_root|vapor_root,0,,false,false
flash_ch4_c2_c3_40_40_20_180k_5mpa,3,k_values|log_k_values|selected_parent_root,0,,false,false
flash_ch4_c2_c3_40_40_20_250k_0p5mpa,3,k_values|log_k_values|selected_parent_root,0,,false,false
flash_ch4_c2_c3_40_40_20_250k_5mpa,7,beta|liquid_composition|vapor_composition|k_values|log_k_values|liquid_root|vapor_root,0,,false,false
flash_ch4_c2_c3_60_30_10_180k_0p5mpa,7,beta|liquid_composition|vapor_composition|k_values|log_k_values|liquid_root|vapor_root,0,,false,false
flash_ch4_c2_c3_60_30_10_180k_5mpa,3,k_values|log_k_values|selected_parent_root,0,,false,false
flash_ch4_c2_c3_60_30_10_250k_0p5mpa,3,k_values|log_k_values|selected_parent_root,0,,false,false
flash_ch4_c2_c3_60_30_10_250k_5mpa,8,beta|liquid_composition|vapor_composition|k_values|log_k_values|liquid_root|vapor_root|fugacity_residual,0,,false,false
flash_ch4_c2_c3_60_30_10_reversed_250k_2mpa,8,beta|liquid_composition|vapor_composition|k_values|log_k_values|liquid_root|vapor_root|fugacity_residual,0,,false,false
flash_ch4_c2_c3_80_10_10_180k_0p5mpa,8,beta|liquid_composition|vapor_composition|k_values|log_k_values|liquid_root|vapor_root|fugacity_residual,0,,false,false
flash_ch4_c2_c3_80_10_10_180k_5mpa,3,k_values|log_k_values|selected_parent_root,0,,false,false
flash_ch4_c2_c3_80_10_10_250k_0p5mpa,3,k_values|log_k_values|selected_parent_root,0,,false,false
flash_ch4_c2_c3_80_10_10_250k_5mpa,8,beta|liquid_composition|vapor_composition|k_values|log_k_values|liquid_root|vapor_root|fugacity_residual,0,,false,false
flash_ch4_c2_c3_zero_c2_250k_2mpa,8,beta|liquid_composition|vapor_composition|k_values|log_k_values|liquid_root|vapor_root|fugacity_residual,0,,false,false
flash_ch4_c2_c3_zero_c3_250k_2mpa,3,k_values|log_k_values|selected_parent_root,0,,false,false
flash_ch4_c2_c3_zero_ch4_250k_2mpa,3,k_values|log_k_values|selected_parent_root,0,,false,false
flash_ch4_c2_near_pure_c2_250k_2mpa,3,k_values|log_k_values|selected_parent_root,0,,false,false
flash_ch4_c2_near_pure_ch4_250k_2mpa,3,k_values|log_k_values|selected_parent_root,0,,false,false
flash_ch4_c3_20_80_180k_0p5mpa,8,beta|liquid_composition|vapor_composition|k_values|log_k_values|liquid_root|vapor_root|fugacity_residual,0,,false,false
flash_ch4_c3_20_80_180k_5mpa,3,k_values|log_k_values|selected_parent_root,0,,false,false
flash_ch4_c3_20_80_250k_0p5mpa,8,beta|liquid_composition|vapor_composition|k_values|log_k_values|liquid_root|vapor_root|fugacity_residual,0,,false,false
flash_ch4_c3_20_80_250k_5mpa,3,k_values|log_k_values|selected_parent_root,0,,false,false
flash_ch4_c3_50_50_180k_0p5mpa,8,beta|liquid_composition|vapor_composition|k_values|log_k_values|liquid_root|vapor_root|fugacity_residual,0,,false,false
flash_ch4_c3_50_50_180k_5mpa,3,k_values|log_k_values|selected_parent_root,0,,false,false
flash_ch4_c3_50_50_250k_0p5mpa,8,beta|liquid_composition|vapor_composition|k_values|log_k_values|liquid_root|vapor_root|fugacity_residual,0,,false,false
flash_ch4_c3_50_50_250k_5mpa,8,beta|liquid_composition|vapor_composition|k_values|log_k_values|liquid_root|vapor_root|fugacity_residual,0,,false,false
flash_ch4_c3_60_40_180k_0p5mpa,8,beta|liquid_composition|vapor_composition|k_values|log_k_values|liquid_root|vapor_root|fugacity_residual,0,,false,false
flash_ch4_c3_60_40_180k_5mpa,3,k_values|log_k_values|selected_parent_root,0,,false,false
flash_ch4_c3_60_40_250k_0p5mpa,3,k_values|log_k_values|selected_parent_root,0,,false,false
flash_ch4_c3_60_40_250k_5mpa,8,beta|liquid_composition|vapor_composition|k_values|log_k_values|liquid_root|vapor_root|fugacity_residual,0,,false,false
flash_ch4_c3_60_40_reversed_250k_2mpa,8,beta|liquid_composition|vapor_composition|k_values|log_k_values|liquid_root|vapor_root|fugacity_residual,0,,false,false
flash_ch4_c3_80_20_180k_0p5mpa,8,beta|liquid_composition|vapor_composition|k_values|log_k_values|liquid_root|vapor_root|fugacity_residual,0,,false,false
flash_ch4_c3_80_20_180k_5mpa,3,k_values|log_k_values|selected_parent_root,0,,false,false
flash_ch4_c3_80_20_250k_0p5mpa,3,k_values|log_k_values|selected_parent_root,0,,false,false
flash_ch4_c3_80_20_250k_5mpa,8,beta|liquid_composition|vapor_composition|k_values|log_k_values|liquid_root|vapor_root|fugacity_residual,0,,false,false
flash_ch4_c3_near_pure_c3_250k_2mpa,3,k_values|log_k_values|selected_parent_root,0,,false,false
flash_ch4_c3_near_pure_ch4_250k_2mpa,3,k_values|log_k_values|selected_parent_root,0,,false,false
pure_ethane_130k_0p01mpa,5,dimensionless_a|dimensionless_b|log_fugacity_coefficients|compressibility_roots|selected_parent_root,0,,false,false
pure_ethane_130k_0p1mpa,5,dimensionless_a|dimensionless_b|log_fugacity_coefficients|compressibility_roots|selected_parent_root,0,,false,false
pure_ethane_130k_0p5mpa,5,dimensionless_a|dimensionless_b|log_fugacity_coefficients|compressibility_roots|selected_parent_root,0,,false,false
pure_ethane_130k_10mpa,5,dimensionless_a|dimensionless_b|log_fugacity_coefficients|compressibility_roots|selected_parent_root,0,,false,false
pure_ethane_130k_1mpa,5,dimensionless_a|dimensionless_b|log_fugacity_coefficients|compressibility_roots|selected_parent_root,0,,false,false
pure_ethane_130k_30mpa,5,dimensionless_a|dimensionless_b|log_fugacity_coefficients|compressibility_roots|selected_parent_root,0,,false,false
pure_ethane_130k_3mpa,5,dimensionless_a|dimensionless_b|log_fugacity_coefficients|compressibility_roots|selected_parent_root,0,,false,false
pure_ethane_130k_5mpa,5,dimensionless_a|dimensionless_b|log_fugacity_coefficients|compressibility_roots|selected_parent_root,0,,false,false
pure_ethane_150k_0p01mpa,5,dimensionless_a|dimensionless_b|log_fugacity_coefficients|compressibility_roots|selected_parent_root,0,,false,false
pure_ethane_150k_0p1mpa,5,dimensionless_a|dimensionless_b|log_fugacity_coefficients|compressibility_roots|selected_parent_root,0,,false,false
pure_ethane_150k_0p5mpa,5,dimensionless_a|dimensionless_b|log_fugacity_coefficients|compressibility_roots|selected_parent_root,0,,false,false
pure_ethane_150k_10mpa,5,dimensionless_a|dimensionless_b|log_fugacity_coefficients|compressibility_roots|selected_parent_root,0,,false,false
pure_ethane_150k_1mpa,5,dimensionless_a|dimensionless_b|log_fugacity_coefficients|compressibility_roots|selected_parent_root,0,,false,false
pure_ethane_150k_30mpa,5,dimensionless_a|dimensionless_b|log_fugacity_coefficients|compressibility_roots|selected_parent_root,0,,false,false
pure_ethane_150k_3mpa,5,dimensionless_a|dimensionless_b|log_fugacity_coefficients|compressibility_roots|selected_parent_root,0,,false,false
pure_ethane_150k_5mpa,5,dimensionless_a|dimensionless_b|log_fugacity_coefficients|compressibility_roots|selected_parent_root,0,,false,false
pure_ethane_180k_0p01mpa,5,dimensionless_a|dimensionless_b|log_fugacity_coefficients|compressibility_roots|selected_parent_root,0,,false,false
pure_ethane_180k_0p1mpa,5,dimensionless_a|dimensionless_b|log_fugacity_coefficients|compressibility_roots|selected_parent_root,0,,false,false
pure_ethane_180k_0p5mpa,5,dimensionless_a|dimensionless_b|log_fugacity_coefficients|compressibility_roots|selected_parent_root,0,,false,false
pure_ethane_180k_10mpa,5,dimensionless_a|dimensionless_b|log_fugacity_coefficients|compressibility_roots|selected_parent_root,0,,false,false
pure_ethane_180k_1mpa,5,dimensionless_a|dimensionless_b|log_fugacity_coefficients|compressibility_roots|selected_parent_root,0,,false,false
pure_ethane_180k_30mpa,5,dimensionless_a|dimensionless_b|log_fugacity_coefficients|compressibility_roots|selected_parent_root,0,,false,false
pure_ethane_180k_3mpa,5,dimensionless_a|dimensionless_b|log_fugacity_coefficients|compressibility_roots|selected_parent_root,0,,false,false
pure_ethane_180k_5mpa,5,dimensionless_a|dimensionless_b|log_fugacity_coefficients|compressibility_roots|selected_parent_root,0,,false,false
pure_ethane_190p56k_0p01mpa,5,dimensionless_a|dimensionless_b|log_fugacity_coefficients|compressibility_roots|selected_parent_root,0,,false,false
pure_ethane_190p56k_0p1mpa,5,dimensionless_a|dimensionless_b|log_fugacity_coefficients|compressibility_roots|selected_parent_root,0,,false,false
pure_ethane_190p56k_0p5mpa,5,dimensionless_a|dimensionless_b|log_fugacity_coefficients|compressibility_roots|selected_parent_root,0,,false,false
pure_ethane_190p56k_10mpa,5,dimensionless_a|dimensionless_b|log_fugacity_coefficients|compressibility_roots|selected_parent_root,0,,false,false
pure_ethane_190p56k_1mpa,5,dimensionless_a|dimensionless_b|log_fugacity_coefficients|compressibility_roots|selected_parent_root,0,,false,false
pure_ethane_190p56k_30mpa,5,dimensionless_a|dimensionless_b|log_fugacity_coefficients|compressibility_roots|selected_parent_root,0,,false,false
pure_ethane_190p56k_3mpa,5,dimensionless_a|dimensionless_b|log_fugacity_coefficients|compressibility_roots|selected_parent_root,0,,false,false
pure_ethane_190p56k_5mpa,5,dimensionless_a|dimensionless_b|log_fugacity_coefficients|compressibility_roots|selected_parent_root,0,,false,false
pure_ethane_220k_0p01mpa,5,dimensionless_a|dimensionless_b|log_fugacity_coefficients|compressibility_roots|selected_parent_root,0,,false,false
pure_ethane_220k_0p1mpa,5,dimensionless_a|dimensionless_b|log_fugacity_coefficients|compressibility_roots|selected_parent_root,0,,false,false
pure_ethane_220k_0p5mpa,5,dimensionless_a|dimensionless_b|log_fugacity_coefficients|compressibility_roots|selected_parent_root,0,,false,false
pure_ethane_220k_10mpa,5,dimensionless_a|dimensionless_b|log_fugacity_coefficients|compressibility_roots|selected_parent_root,0,,false,false
pure_ethane_220k_1mpa,5,dimensionless_a|dimensionless_b|log_fugacity_coefficients|compressibility_roots|selected_parent_root,0,,false,false
pure_ethane_220k_30mpa,5,dimensionless_a|dimensionless_b|log_fugacity_coefficients|compressibility_roots|selected_parent_root,0,,false,false
pure_ethane_220k_3mpa,5,dimensionless_a|dimensionless_b|log_fugacity_coefficients|compressibility_roots|selected_parent_root,0,,false,false
pure_ethane_220k_5mpa,5,dimensionless_a|dimensionless_b|log_fugacity_coefficients|compressibility_roots|selected_parent_root,0,,false,false
pure_ethane_300k_0p01mpa,5,dimensionless_a|dimensionless_b|log_fugacity_coefficients|compressibility_roots|selected_parent_root,0,,false,false
pure_ethane_300k_0p1mpa,5,dimensionless_a|dimensionless_b|log_fugacity_coefficients|compressibility_roots|selected_parent_root,0,,false,false
pure_ethane_300k_0p5mpa,5,dimensionless_a|dimensionless_b|log_fugacity_coefficients|compressibility_roots|selected_parent_root,0,,false,false
pure_ethane_300k_10mpa,5,dimensionless_a|dimensionless_b|log_fugacity_coefficients|compressibility_roots|selected_parent_root,0,,false,false
pure_ethane_300k_1mpa,5,dimensionless_a|dimensionless_b|log_fugacity_coefficients|compressibility_roots|selected_parent_root,0,,false,false
pure_ethane_300k_30mpa,5,dimensionless_a|dimensionless_b|log_fugacity_coefficients|compressibility_roots|selected_parent_root,0,,false,false
pure_ethane_300k_3mpa,5,dimensionless_a|dimensionless_b|log_fugacity_coefficients|compressibility_roots|selected_parent_root,0,,false,false
pure_ethane_300k_5mpa,5,dimensionless_a|dimensionless_b|log_fugacity_coefficients|compressibility_roots|selected_parent_root,0,,false,false
pure_ethane_400k_0p01mpa,5,dimensionless_a|dimensionless_b|log_fugacity_coefficients|compressibility_roots|selected_parent_root,0,,false,false
pure_ethane_400k_0p1mpa,5,dimensionless_a|dimensionless_b|log_fugacity_coefficients|compressibility_roots|selected_parent_root,0,,false,false
pure_ethane_400k_0p5mpa,5,dimensionless_a|dimensionless_b|log_fugacity_coefficients|compressibility_roots|selected_parent_root,0,,false,false
pure_ethane_400k_10mpa,5,dimensionless_a|dimensionless_b|log_fugacity_coefficients|compressibility_roots|selected_parent_root,0,,false,false
pure_ethane_400k_1mpa,5,dimensionless_a|dimensionless_b|log_fugacity_coefficients|compressibility_roots|selected_parent_root,0,,false,false
pure_ethane_400k_30mpa,5,dimensionless_a|dimensionless_b|log_fugacity_coefficients|compressibility_roots|selected_parent_root,0,,false,false
pure_ethane_400k_3mpa,5,dimensionless_a|dimensionless_b|log_fugacity_coefficients|compressibility_roots|selected_parent_root,0,,false,false
pure_ethane_400k_5mpa,5,dimensionless_a|dimensionless_b|log_fugacity_coefficients|compressibility_roots|selected_parent_root,0,,false,false
pure_methane_130k_0p01mpa,5,dimensionless_a|dimensionless_b|log_fugacity_coefficients|compressibility_roots|selected_parent_root,0,,false,false
pure_methane_130k_0p1mpa,5,dimensionless_a|dimensionless_b|log_fugacity_coefficients|compressibility_roots|selected_parent_root,0,,false,false
pure_methane_130k_0p5mpa,5,dimensionless_a|dimensionless_b|log_fugacity_coefficients|compressibility_roots|selected_parent_root,0,,false,false
pure_methane_130k_10mpa,5,dimensionless_a|dimensionless_b|log_fugacity_coefficients|compressibility_roots|selected_parent_root,0,,false,false
pure_methane_130k_1mpa,5,dimensionless_a|dimensionless_b|log_fugacity_coefficients|compressibility_roots|selected_parent_root,0,,false,false
pure_methane_130k_30mpa,5,dimensionless_a|dimensionless_b|log_fugacity_coefficients|compressibility_roots|selected_parent_root,0,,false,false
pure_methane_130k_3mpa,5,dimensionless_a|dimensionless_b|log_fugacity_coefficients|compressibility_roots|selected_parent_root,0,,false,false
pure_methane_130k_5mpa,5,dimensionless_a|dimensionless_b|log_fugacity_coefficients|compressibility_roots|selected_parent_root,0,,false,false
pure_methane_150k_0p01mpa,5,dimensionless_a|dimensionless_b|log_fugacity_coefficients|compressibility_roots|selected_parent_root,0,,false,false
pure_methane_150k_0p1mpa,5,dimensionless_a|dimensionless_b|log_fugacity_coefficients|compressibility_roots|selected_parent_root,0,,false,false
pure_methane_150k_0p5mpa,5,dimensionless_a|dimensionless_b|log_fugacity_coefficients|compressibility_roots|selected_parent_root,0,,false,false
pure_methane_150k_10mpa,5,dimensionless_a|dimensionless_b|log_fugacity_coefficients|compressibility_roots|selected_parent_root,0,,false,false
pure_methane_150k_1mpa,5,dimensionless_a|dimensionless_b|log_fugacity_coefficients|compressibility_roots|selected_parent_root,0,,false,false
pure_methane_150k_30mpa,5,dimensionless_a|dimensionless_b|log_fugacity_coefficients|compressibility_roots|selected_parent_root,0,,false,false
pure_methane_150k_3mpa,5,dimensionless_a|dimensionless_b|log_fugacity_coefficients|compressibility_roots|selected_parent_root,0,,false,false
pure_methane_150k_5mpa,5,dimensionless_a|dimensionless_b|log_fugacity_coefficients|compressibility_roots|selected_parent_root,0,,false,false
pure_methane_180k_0p01mpa,5,dimensionless_a|dimensionless_b|log_fugacity_coefficients|compressibility_roots|selected_parent_root,0,,false,false
pure_methane_180k_0p1mpa,5,dimensionless_a|dimensionless_b|log_fugacity_coefficients|compressibility_roots|selected_parent_root,0,,false,false
pure_methane_180k_0p5mpa,5,dimensionless_a|dimensionless_b|log_fugacity_coefficients|compressibility_roots|selected_parent_root,0,,false,false
pure_methane_180k_10mpa,5,dimensionless_a|dimensionless_b|log_fugacity_coefficients|compressibility_roots|selected_parent_root,0,,false,false
pure_methane_180k_1mpa,5,dimensionless_a|dimensionless_b|log_fugacity_coefficients|compressibility_roots|selected_parent_root,0,,false,false
pure_methane_180k_30mpa,5,dimensionless_a|dimensionless_b|log_fugacity_coefficients|compressibility_roots|selected_parent_root,0,,false,false
pure_methane_180k_3mpa,5,dimensionless_a|dimensionless_b|log_fugacity_coefficients|compressibility_roots|selected_parent_root,0,,false,false
pure_methane_180k_5mpa,5,dimensionless_a|dimensionless_b|log_fugacity_coefficients|compressibility_roots|selected_parent_root,0,,false,false
pure_methane_190p56k_0p01mpa,5,dimensionless_a|dimensionless_b|log_fugacity_coefficients|compressibility_roots|selected_parent_root,0,,false,false
pure_methane_190p56k_0p1mpa,5,dimensionless_a|dimensionless_b|log_fugacity_coefficients|compressibility_roots|selected_parent_root,0,,false,false
pure_methane_190p56k_0p5mpa,5,dimensionless_a|dimensionless_b|log_fugacity_coefficients|compressibility_roots|selected_parent_root,0,,false,false
pure_methane_190p56k_10mpa,5,dimensionless_a|dimensionless_b|log_fugacity_coefficients|compressibility_roots|selected_parent_root,0,,false,false
pure_methane_190p56k_1mpa,5,dimensionless_a|dimensionless_b|log_fugacity_coefficients|compressibility_roots|selected_parent_root,0,,false,false
pure_methane_190p56k_30mpa,5,dimensionless_a|dimensionless_b|log_fugacity_coefficients|compressibility_roots|selected_parent_root,0,,false,false
pure_methane_190p56k_3mpa,5,dimensionless_a|dimensionless_b|log_fugacity_coefficients|compressibility_roots|selected_parent_root,0,,false,false
pure_methane_190p56k_5mpa,5,dimensionless_a|dimensionless_b|log_fugacity_coefficients|compressibility_roots|selected_parent_root,0,,false,false
pure_methane_220k_0p01mpa,5,dimensionless_a|dimensionless_b|log_fugacity_coefficients|compressibility_roots|selected_parent_root,0,,false,false
pure_methane_220k_0p1mpa,5,dimensionless_a|dimensionless_b|log_fugacity_coefficients|compressibility_roots|selected_parent_root,0,,false,false
pure_methane_220k_0p5mpa,5,dimensionless_a|dimensionless_b|log_fugacity_coefficients|compressibility_roots|selected_parent_root,0,,false,false
pure_methane_220k_10mpa,5,dimensionless_a|dimensionless_b|log_fugacity_coefficients|compressibility_roots|selected_parent_root,0,,false,false
pure_methane_220k_1mpa,5,dimensionless_a|dimensionless_b|log_fugacity_coefficients|compressibility_roots|selected_parent_root,0,,false,false
pure_methane_220k_30mpa,5,dimensionless_a|dimensionless_b|log_fugacity_coefficients|compressibility_roots|selected_parent_root,0,,false,false
pure_methane_220k_3mpa,5,dimensionless_a|dimensionless_b|log_fugacity_coefficients|compressibility_roots|selected_parent_root,0,,false,false
pure_methane_220k_5mpa,5,dimensionless_a|dimensionless_b|log_fugacity_coefficients|compressibility_roots|selected_parent_root,0,,false,false
pure_methane_300k_0p01mpa,5,dimensionless_a|dimensionless_b|log_fugacity_coefficients|compressibility_roots|selected_parent_root,0,,false,false
pure_methane_300k_0p1mpa,5,dimensionless_a|dimensionless_b|log_fugacity_coefficients|compressibility_roots|selected_parent_root,0,,false,false
pure_methane_300k_0p5mpa,5,dimensionless_a|dimensionless_b|log_fugacity_coefficients|compressibility_roots|selected_parent_root,0,,false,false
pure_methane_300k_10mpa,5,dimensionless_a|dimensionless_b|log_fugacity_coefficients|compressibility_roots|selected_parent_root,0,,false,false
pure_methane_300k_1mpa,5,dimensionless_a|dimensionless_b|log_fugacity_coefficients|compressibility_roots|selected_parent_root,0,,false,false
pure_methane_300k_30mpa,5,dimensionless_a|dimensionless_b|log_fugacity_coefficients|compressibility_roots|selected_parent_root,0,,false,false
pure_methane_300k_3mpa,5,dimensionless_a|dimensionless_b|log_fugacity_coefficients|compressibility_roots|selected_parent_root,0,,false,false
pure_methane_300k_5mpa,5,dimensionless_a|dimensionless_b|log_fugacity_coefficients|compressibility_roots|selected_parent_root,0,,false,false
pure_methane_400k_0p01mpa,5,dimensionless_a|dimensionless_b|log_fugacity_coefficients|compressibility_roots|selected_parent_root,0,,false,false
pure_methane_400k_0p1mpa,5,dimensionless_a|dimensionless_b|log_fugacity_coefficients|compressibility_roots|selected_parent_root,0,,false,false
pure_methane_400k_0p5mpa,5,dimensionless_a|dimensionless_b|log_fugacity_coefficients|compressibility_roots|selected_parent_root,0,,false,false
pure_methane_400k_10mpa,5,dimensionless_a|dimensionless_b|log_fugacity_coefficients|compressibility_roots|selected_parent_root,0,,false,false
pure_methane_400k_1mpa,5,dimensionless_a|dimensionless_b|log_fugacity_coefficients|compressibility_roots|selected_parent_root,0,,false,false
pure_methane_400k_30mpa,5,dimensionless_a|dimensionless_b|log_fugacity_coefficients|compressibility_roots|selected_parent_root,0,,false,false
pure_methane_400k_3mpa,5,dimensionless_a|dimensionless_b|log_fugacity_coefficients|compressibility_roots|selected_parent_root,0,,false,false
pure_methane_400k_5mpa,5,dimensionless_a|dimensionless_b|log_fugacity_coefficients|compressibility_roots|selected_parent_root,0,,false,false
pure_propane_130k_0p01mpa,5,dimensionless_a|dimensionless_b|log_fugacity_coefficients|compressibility_roots|selected_parent_root,0,,false,false
pure_propane_130k_0p1mpa,5,dimensionless_a|dimensionless_b|log_fugacity_coefficients|compressibility_roots|selected_parent_root,0,,false,false
pure_propane_130k_0p5mpa,5,dimensionless_a|dimensionless_b|log_fugacity_coefficients|compressibility_roots|selected_parent_root,0,,false,false
pure_propane_130k_10mpa,5,dimensionless_a|dimensionless_b|log_fugacity_coefficients|compressibility_roots|selected_parent_root,0,,false,false
pure_propane_130k_1mpa,5,dimensionless_a|dimensionless_b|log_fugacity_coefficients|compressibility_roots|selected_parent_root,0,,false,false
pure_propane_130k_30mpa,5,dimensionless_a|dimensionless_b|log_fugacity_coefficients|compressibility_roots|selected_parent_root,0,,false,false
pure_propane_130k_3mpa,5,dimensionless_a|dimensionless_b|log_fugacity_coefficients|compressibility_roots|selected_parent_root,0,,false,false
pure_propane_130k_5mpa,5,dimensionless_a|dimensionless_b|log_fugacity_coefficients|compressibility_roots|selected_parent_root,0,,false,false
pure_propane_150k_0p01mpa,5,dimensionless_a|dimensionless_b|log_fugacity_coefficients|compressibility_roots|selected_parent_root,0,,false,false
pure_propane_150k_0p1mpa,5,dimensionless_a|dimensionless_b|log_fugacity_coefficients|compressibility_roots|selected_parent_root,0,,false,false
pure_propane_150k_0p5mpa,5,dimensionless_a|dimensionless_b|log_fugacity_coefficients|compressibility_roots|selected_parent_root,0,,false,false
pure_propane_150k_10mpa,5,dimensionless_a|dimensionless_b|log_fugacity_coefficients|compressibility_roots|selected_parent_root,0,,false,false
pure_propane_150k_1mpa,5,dimensionless_a|dimensionless_b|log_fugacity_coefficients|compressibility_roots|selected_parent_root,0,,false,false
pure_propane_150k_30mpa,5,dimensionless_a|dimensionless_b|log_fugacity_coefficients|compressibility_roots|selected_parent_root,0,,false,false
pure_propane_150k_3mpa,5,dimensionless_a|dimensionless_b|log_fugacity_coefficients|compressibility_roots|selected_parent_root,0,,false,false
pure_propane_150k_5mpa,5,dimensionless_a|dimensionless_b|log_fugacity_coefficients|compressibility_roots|selected_parent_root,0,,false,false
pure_propane_180k_0p01mpa,5,dimensionless_a|dimensionless_b|log_fugacity_coefficients|compressibility_roots|selected_parent_root,0,,false,false
pure_propane_180k_0p1mpa,5,dimensionless_a|dimensionless_b|log_fugacity_coefficients|compressibility_roots|selected_parent_root,0,,false,false
pure_propane_180k_0p5mpa,5,dimensionless_a|dimensionless_b|log_fugacity_coefficients|compressibility_roots|selected_parent_root,0,,false,false
pure_propane_180k_10mpa,5,dimensionless_a|dimensionless_b|log_fugacity_coefficients|compressibility_roots|selected_parent_root,0,,false,false
pure_propane_180k_1mpa,5,dimensionless_a|dimensionless_b|log_fugacity_coefficients|compressibility_roots|selected_parent_root,0,,false,false
pure_propane_180k_30mpa,5,dimensionless_a|dimensionless_b|log_fugacity_coefficients|compressibility_roots|selected_parent_root,0,,false,false
pure_propane_180k_3mpa,5,dimensionless_a|dimensionless_b|log_fugacity_coefficients|compressibility_roots|selected_parent_root,0,,false,false
pure_propane_180k_5mpa,5,dimensionless_a|dimensionless_b|log_fugacity_coefficients|compressibility_roots|selected_parent_root,0,,false,false
pure_propane_190p56k_0p01mpa,5,dimensionless_a|dimensionless_b|log_fugacity_coefficients|compressibility_roots|selected_parent_root,0,,false,false
pure_propane_190p56k_0p1mpa,5,dimensionless_a|dimensionless_b|log_fugacity_coefficients|compressibility_roots|selected_parent_root,0,,false,false
pure_propane_190p56k_0p5mpa,5,dimensionless_a|dimensionless_b|log_fugacity_coefficients|compressibility_roots|selected_parent_root,0,,false,false
pure_propane_190p56k_10mpa,5,dimensionless_a|dimensionless_b|log_fugacity_coefficients|compressibility_roots|selected_parent_root,0,,false,false
pure_propane_190p56k_1mpa,5,dimensionless_a|dimensionless_b|log_fugacity_coefficients|compressibility_roots|selected_parent_root,0,,false,false
pure_propane_190p56k_30mpa,5,dimensionless_a|dimensionless_b|log_fugacity_coefficients|compressibility_roots|selected_parent_root,0,,false,false
pure_propane_190p56k_3mpa,5,dimensionless_a|dimensionless_b|log_fugacity_coefficients|compressibility_roots|selected_parent_root,0,,false,false
pure_propane_190p56k_5mpa,5,dimensionless_a|dimensionless_b|log_fugacity_coefficients|compressibility_roots|selected_parent_root,0,,false,false
pure_propane_220k_0p01mpa,5,dimensionless_a|dimensionless_b|log_fugacity_coefficients|compressibility_roots|selected_parent_root,0,,false,false
pure_propane_220k_0p1mpa,5,dimensionless_a|dimensionless_b|log_fugacity_coefficients|compressibility_roots|selected_parent_root,0,,false,false
pure_propane_220k_0p5mpa,5,dimensionless_a|dimensionless_b|log_fugacity_coefficients|compressibility_roots|selected_parent_root,0,,false,false
pure_propane_220k_10mpa,5,dimensionless_a|dimensionless_b|log_fugacity_coefficients|compressibility_roots|selected_parent_root,0,,false,false
pure_propane_220k_1mpa,5,dimensionless_a|dimensionless_b|log_fugacity_coefficients|compressibility_roots|selected_parent_root,0,,false,false
pure_propane_220k_30mpa,5,dimensionless_a|dimensionless_b|log_fugacity_coefficients|compressibility_roots|selected_parent_root,0,,false,false
pure_propane_220k_3mpa,5,dimensionless_a|dimensionless_b|log_fugacity_coefficients|compressibility_roots|selected_parent_root,0,,false,false
pure_propane_220k_5mpa,5,dimensionless_a|dimensionless_b|log_fugacity_coefficients|compressibility_roots|selected_parent_root,0,,false,false
pure_propane_300k_0p01mpa,5,dimensionless_a|dimensionless_b|log_fugacity_coefficients|compressibility_roots|selected_parent_root,0,,false,false
pure_propane_300k_0p1mpa,5,dimensionless_a|dimensionless_b|log_fugacity_coefficients|compressibility_roots|selected_parent_root,0,,false,false
pure_propane_300k_0p5mpa,5,dimensionless_a|dimensionless_b|log_fugacity_coefficients|compressibility_roots|selected_parent_root,0,,false,false
pure_propane_300k_10mpa,5,dimensionless_a|dimensionless_b|log_fugacity_coefficients|compressibility_roots|selected_parent_root,0,,false,false
pure_propane_300k_1mpa,5,dimensionless_a|dimensionless_b|log_fugacity_coefficients|compressibility_roots|selected_parent_root,0,,false,false
pure_propane_300k_30mpa,5,dimensionless_a|dimensionless_b|log_fugacity_coefficients|compressibility_roots|selected_parent_root,0,,false,false
pure_propane_300k_3mpa,5,dimensionless_a|dimensionless_b|log_fugacity_coefficients|compressibility_roots|selected_parent_root,0,,false,false
pure_propane_300k_5mpa,5,dimensionless_a|dimensionless_b|log_fugacity_coefficients|compressibility_roots|selected_parent_root,0,,false,false
pure_propane_400k_0p01mpa,5,dimensionless_a|dimensionless_b|log_fugacity_coefficients|compressibility_roots|selected_parent_root,0,,false,false
pure_propane_400k_0p1mpa,5,dimensionless_a|dimensionless_b|log_fugacity_coefficients|compressibility_roots|selected_parent_root,0,,false,false
pure_propane_400k_0p5mpa,5,dimensionless_a|dimensionless_b|log_fugacity_coefficients|compressibility_roots|selected_parent_root,0,,false,false
pure_propane_400k_10mpa,5,dimensionless_a|dimensionless_b|log_fugacity_coefficients|compressibility_roots|selected_parent_root,0,,false,false
pure_propane_400k_1mpa,5,dimensionless_a|dimensionless_b|log_fugacity_coefficients|compressibility_roots|selected_parent_root,0,,false,false
pure_propane_400k_30mpa,5,dimensionless_a|dimensionless_b|log_fugacity_coefficients|compressibility_roots|selected_parent_root,0,,false,false
pure_propane_400k_3mpa,5,dimensionless_a|dimensionless_b|log_fugacity_coefficients|compressibility_roots|selected_parent_root,0,,false,false
pure_propane_400k_5mpa,5,dimensionless_a|dimensionless_b|log_fugacity_coefficients|compressibility_roots|selected_parent_root,0,,false,false
stability_ch4_c2_20_80_180k_0p5mpa,2,selected_parent_root|tpd_minimum,0,,false,false
stability_ch4_c2_20_80_180k_5mpa,1,selected_parent_root,0,,false,false
stability_ch4_c2_20_80_250k_0p5mpa,1,selected_parent_root,0,,false,false
stability_ch4_c2_20_80_250k_5mpa,1,selected_parent_root,0,,false,false
stability_ch4_c2_20_80_reversed_250k_2mpa,2,selected_parent_root|tpd_minimum,0,,false,false
stability_ch4_c2_50_50_180k_0p5mpa,2,selected_parent_root|tpd_minimum,0,,false,false
stability_ch4_c2_50_50_180k_5mpa,1,selected_parent_root,0,,false,false
stability_ch4_c2_50_50_250k_0p5mpa,1,selected_parent_root,0,,false,false
stability_ch4_c2_50_50_250k_5mpa,2,selected_parent_root|tpd_minimum,0,,false,false
stability_ch4_c2_50_50_reversed_250k_2mpa,1,selected_parent_root,0,,false,false
stability_ch4_c2_80_20_180k_0p5mpa,2,selected_parent_root|tpd_minimum,0,,false,false
stability_ch4_c2_80_20_180k_5mpa,1,selected_parent_root,0,,false,false
stability_ch4_c2_80_20_250k_0p5mpa,1,selected_parent_root,0,,false,false
stability_ch4_c2_80_20_250k_5mpa,1,selected_parent_root,0,,false,false
stability_ch4_c2_c3_40_40_20_180k_0p5mpa,2,selected_parent_root|tpd_minimum,0,,false,false
stability_ch4_c2_c3_40_40_20_180k_5mpa,1,selected_parent_root,0,,false,false
stability_ch4_c2_c3_40_40_20_250k_0p5mpa,1,selected_parent_root,0,,false,false
stability_ch4_c2_c3_40_40_20_250k_5mpa,2,selected_parent_root|tpd_minimum,0,,false,false
stability_ch4_c2_c3_60_30_10_180k_0p5mpa,2,selected_parent_root|tpd_minimum,0,,false,false
stability_ch4_c2_c3_60_30_10_180k_5mpa,1,selected_parent_root,0,,false,false
stability_ch4_c2_c3_60_30_10_250k_0p5mpa,1,selected_parent_root,0,,false,false
stability_ch4_c2_c3_60_30_10_250k_5mpa,2,selected_parent_root|tpd_minimum,0,,false,false
stability_ch4_c2_c3_60_30_10_reversed_250k_2mpa,2,selected_parent_root|tpd_minimum,0,,false,false
stability_ch4_c2_c3_80_10_10_180k_0p5mpa,2,selected_parent_root|tpd_minimum,0,,false,false
stability_ch4_c2_c3_80_10_10_180k_5mpa,1,selected_parent_root,0,,false,false
stability_ch4_c2_c3_80_10_10_250k_0p5mpa,1,selected_parent_root,0,,false,false
stability_ch4_c2_c3_80_10_10_250k_5mpa,2,selected_parent_root|tpd_minimum,0,,false,false
stability_ch4_c2_c3_zero_c2_250k_2mpa,2,selected_parent_root|tpd_minimum,0,,false,false
stability_ch4_c2_c3_zero_c3_250k_2mpa,1,selected_parent_root,0,,false,false
stability_ch4_c2_c3_zero_ch4_250k_2mpa,1,selected_parent_root,0,,false,false
stability_ch4_c2_near_pure_c2_250k_2mpa,1,selected_parent_root,0,,false,false
stability_ch4_c2_near_pure_ch4_250k_2mpa,1,selected_parent_root,0,,false,false
stability_ch4_c3_20_80_180k_0p5mpa,2,selected_parent_root|tpd_minimum,0,,false,false
stability_ch4_c3_20_80_180k_5mpa,1,selected_parent_root,0,,false,false
stability_ch4_c3_20_80_250k_0p5mpa,2,selected_parent_root|tpd_minimum,0,,false,false
stability_ch4_c3_20_80_250k_5mpa,1,selected_parent_root,0,,false,false
stability_ch4_c3_50_50_180k_0p5mpa,2,selected_parent_root|tpd_minimum,0,,false,false
stability_ch4_c3_50_50_180k_5mpa,1,selected_parent_root,0,,false,false
stability_ch4_c3_50_50_250k_0p5mpa,2,selected_parent_root|tpd_minimum,0,,false,false
stability_ch4_c3_50_50_250k_5mpa,2,selected_parent_root|tpd_minimum,0,,false,false
stability_ch4_c3_60_40_180k_0p5mpa,2,selected_parent_root|tpd_minimum,0,,false,false
stability_ch4_c3_60_40_180k_5mpa,1,selected_parent_root,0,,false,false
stability_ch4_c3_60_40_250k_0p5mpa,1,selected_parent_root,0,,false,false
stability_ch4_c3_60_40_250k_5mpa,2,selected_parent_root|tpd_minimum,0,,false,false
stability_ch4_c3_60_40_reversed_250k_2mpa,2,selected_parent_root|tpd_minimum,0,,false,false
stability_ch4_c3_80_20_180k_0p5mpa,2,selected_parent_root|tpd_minimum,0,,false,false
stability_ch4_c3_80_20_180k_5mpa,1,selected_parent_root,0,,false,false
stability_ch4_c3_80_20_250k_0p5mpa,1,selected_parent_root,0,,false,false
stability_ch4_c3_80_20_250k_5mpa,2,selected_parent_root|tpd_minimum,0,,false,false
stability_ch4_c3_near_pure_c3_250k_2mpa,1,selected_parent_root,0,,false,false
stability_ch4_c3_near_pure_ch4_250k_2mpa,1,selected_parent_root,0,,false,false
